url;famille;gabarit;fichier_texte;rendu_par;h1
"/a-propos/equipe/";"Entreprise";"01 Article et fiche";"contenu/site/Entreprise/a-propos--equipe.md";"Migen - Site final.dc.html · page « equipe »";"Vos interlocuteurs"
"/bureau-etudes/";"Offres";"03 Offre et prestation";"contenu/site/Offres/bureau-etudes.md";"MigenExpertise.dc.html";"Bureau d'études industriel : des études qui tiennent au montage"
"/bureau-etudes/bureau-etude-electrique/";"Offres";"03 Offre et prestation";"contenu/site/Offres/bureau-etudes--bureau-etude-electrique.md";"Migen - Site final.dc.html · gabarit générique (vente ou édito)";"Bureau d'étude électrique : du schéma à l'armoire qui tourne"
"/bureau-etudes/bureau-etude-electronique/";"Offres";"03 Offre et prestation";"contenu/site/Offres/bureau-etudes--bureau-etude-electronique.md";"Migen - Site final.dc.html · gabarit générique (vente ou édito)";"Bureau d'étude électronique : une carte pensée pour être réparée"
"/bureau-etudes/mise-en-conformite-machine/";"Offres";"03 Offre et prestation";"contenu/site/Offres/bureau-etudes--mise-en-conformite-machine.md";"Migen - Site final.dc.html · gabarit générique (vente ou édito)";"Mise en conformité machine : fixez le calendrier avant l'inspection"
"/carriere/";"Metiers-Carriere";"10 Hub de rubrique";"contenu/site/Metiers-Carriere/carriere.md";"MigenCarriere.dc.html";"Migen recrutement"
"/carriere/agent-de-maintenance/";"Metiers-Carriere";"07 Métier et carrière";"contenu/site/Metiers-Carriere/carriere--agent-de-maintenance.md";"MigenCarriere.dc.html";"Agent de maintenance industrielle"
"/carriere/alternance/";"Metiers-Carriere";"07 Métier et carrière";"contenu/site/Metiers-Carriere/carriere--alternance.md";"MigenCarriere.dc.html";"Alternance maintenance industrielle"
"/carriere/automaticien/";"Metiers-Carriere";"07 Métier et carrière";"contenu/site/Metiers-Carriere/carriere--automaticien.md";"MigenCarriere.dc.html";"Automaticien"
"/carriere/automaticien/salaire/";"Metiers-Carriere";"07 Métier et carrière";"contenu/site/Metiers-Carriere/carriere--automaticien--salaire.md";"MigenCarriere.dc.html";"Salaire automaticien"
"/carriere/electromecanicien/";"Metiers-Carriere";"07 Métier et carrière";"contenu/site/Metiers-Carriere/carriere--electromecanicien.md";"MigenCarriere.dc.html";"Électromécanicien"
"/carriere/electromecanicien/competences/";"Metiers-Carriere";"07 Métier et carrière";"contenu/site/Metiers-Carriere/carriere--electromecanicien--competences.md";"MigenCarriere.dc.html";"Compétences électromécanicien"
"/carriere/electromecanicien/salaire/";"Metiers-Carriere";"07 Métier et carrière";"contenu/site/Metiers-Carriere/carriere--electromecanicien--salaire.md";"MigenCarriere.dc.html";"Salaire électromécanicien"
"/carriere/responsable-maintenance/";"Metiers-Carriere";"07 Métier et carrière";"contenu/site/Metiers-Carriere/carriere--responsable-maintenance.md";"MigenCarriere.dc.html";"Responsable maintenance"
"/carriere/roboticien/";"Metiers-Carriere";"07 Métier et carrière";"contenu/site/Metiers-Carriere/carriere--roboticien.md";"MigenCarriere.dc.html";"Roboticien"
"/carriere/technicien-de-maintenance/";"Metiers-Carriere";"07 Métier et carrière";"contenu/site/Metiers-Carriere/carriere--technicien-de-maintenance.md";"MigenCarriere.dc.html";"Technicien de maintenance"
"/carriere/technicien-de-maintenance/formation/";"Metiers-Carriere";"07 Métier et carrière";"contenu/site/Metiers-Carriere/carriere--technicien-de-maintenance--formation.md";"MigenCarriere.dc.html";"Formation technicien de maintenance"
"/carriere/technicien-de-maintenance/salaire/";"Metiers-Carriere";"07 Métier et carrière";"contenu/site/Metiers-Carriere/carriere--technicien-de-maintenance--salaire.md";"MigenCarriere.dc.html";"Salaire technicien de maintenance"
"/carriere/technicien-itinerant/";"Metiers-Carriere";"07 Métier et carrière";"contenu/site/Metiers-Carriere/carriere--technicien-itinerant.md";"MigenCarriere.dc.html";"Technicien de maintenance itinérant"
"/entreprise-maintenance-industrielle/";"Offres";"03 Offre et prestation";"contenu/site/Offres/entreprise-maintenance-industrielle.md";"MigenExpertise.dc.html";"Entreprise de maintenance industrielle"
"/expertises/";"Expertises";"10 Hub de rubrique";"contenu/site/Expertises/expertises.md";"MigenExpertise.dc.html";"Maintenance des équipements industriels : un seul appel, huit métiers sur votre site"
"/expertises/automatisme/";"Expertises";"09 Domaine";"contenu/site/Expertises/expertises--automatisme.md";"MigenExpertise.dc.html";"Automatisme industriel : quand l’automate se tait, toute la ligne s’arrête"
"/expertises/automatisme/programmation-automate/";"Expertises";"05 Spécialité";"contenu/site/Expertises/expertises--automatisme--programmation-automate.md";"MigenExpertise.dc.html";"Programmation automate : modifier le programme sans arrêter la production"
"/expertises/automatisme/schneider/";"Expertises";"05 Spécialité";"contenu/site/Expertises/expertises--automatisme--schneider.md";"MigenExpertise.dc.html";"Automate Schneider : des automaticiens qui lisent votre programme dès le premier jour"
"/expertises/automatisme/siemens/";"Expertises";"05 Spécialité";"contenu/site/Expertises/expertises--automatisme--siemens.md";"MigenExpertise.dc.html";"Automaticien Siemens : de S5 à TIA Portal, sans perdre une recette"
"/expertises/electrique/";"Expertises";"09 Domaine";"contenu/site/Expertises/expertises--electrique.md";"MigenExpertise.dc.html";"Maintenance électrique industrielle : le défaut trouvé avant qu’il ne coupe la ligne"
"/expertises/electromecanique/";"Expertises";"09 Domaine";"contenu/site/Expertises/expertises--electromecanique.md";"MigenExpertise.dc.html";"Électromécanique industrielle : un seul technicien quand la panne est électrique et mécanique"
"/expertises/hydraulique/";"Expertises";"09 Domaine";"contenu/site/Expertises/expertises--hydraulique.md";"MigenExpertise.dc.html";"Maintenance hydraulique : la petite fuite d’aujourd’hui, c’est la presse arrêtée de demain"
"/expertises/hydraulique/verin-hydraulique/";"Expertises";"05 Spécialité";"contenu/site/Expertises/expertises--hydraulique--verin-hydraulique.md";"MigenExpertise.dc.html";"Réparation vérin hydraulique : réparer plutôt qu’attendre un vérin neuf"
"/expertises/mecanique/";"Expertises";"09 Domaine";"contenu/site/Expertises/expertises--mecanique.md";"MigenExpertise.dc.html";"Maintenance mécanique : un roulement qui chauffe ne prévient qu’une fois"
"/expertises/mecanique/lubrification/";"Expertises";"05 Spécialité";"contenu/site/Expertises/expertises--mecanique--lubrification.md";"MigenExpertise.dc.html";"Lubrification industrielle : la panne la moins chère est celle qu’on graisse à temps"
"/expertises/mecanique/machine-outil/";"Expertises";"05 Spécialité";"contenu/site/Expertises/expertises--mecanique--machine-outil.md";"MigenExpertise.dc.html";"Maintenance machine-outil : le centième perdu se paie en rebuts"
"/expertises/pneumatique/";"Expertises";"09 Domaine";"contenu/site/Expertises/expertises--pneumatique.md";"MigenExpertise.dc.html";"Maintenance pneumatique : une fuite d’air coûte en continu, même ligne à l’arrêt"
"/expertises/robotique/";"Expertises";"09 Domaine";"contenu/site/Expertises/expertises--robotique.md";"MigenExpertise.dc.html";"Maintenance robotique : un robot arrêté, c’est toute la cellule qui attend"
"/expertises/robotique/abb/";"Expertises";"05 Spécialité";"contenu/site/Expertises/expertises--robotique--abb.md";"MigenExpertise.dc.html";"Maintenance de robots ABB : des roboticiens qui connaissent vos cellules par cœur"
"/expertises/robotique/fanuc/";"Expertises";"05 Spécialité";"contenu/site/Expertises/expertises--robotique--fanuc.md";"MigenExpertise.dc.html";"Fanuc robotique : remettre la cellule en cycle, pas seulement le robot en route"
"/expertises/robotique/integrateur-robotique/";"Expertises";"05 Spécialité";"contenu/site/Expertises/expertises--robotique--integrateur-robotique.md";"MigenExpertise.dc.html";"Intégrateur robotique : nous intégrons ce que nous savons maintenir"
"/expertises/soudure/";"Expertises";"09 Domaine";"contenu/site/Expertises/expertises--soudure.md";"MigenExpertise.dc.html";"Soudure industrielle : une reprise qui tient, du premier coup"
"/expertises/specialisations-constructeur/";"Expertises";"09 Domaine";"contenu/site/Expertises/expertises--specialisations-constructeur.md";"MigenExpertise.dc.html";"Automaticien industriel multimarques : plusieurs automates, une seule équipe"
"/expertises/tuyauterie/";"Expertises";"09 Domaine";"contenu/site/Expertises/expertises--tuyauterie.md";"MigenExpertise.dc.html";"Maintenance tuyauterie industrielle : un réseau ne fuit jamais au bon moment"
"/expertises/tuyauterie/nettoyage/";"Expertises";"05 Spécialité";"contenu/site/Expertises/expertises--tuyauterie--nettoyage.md";"MigenExpertise.dc.html";"Nettoyage tuyauterie industrielle : un réseau encrassé coûte plus cher qu’un arrêt de nettoyage"
"/expertises/types-de-maintenance/";"Expertises";"09 Domaine";"contenu/site/Expertises/expertises--types-de-maintenance.md";"MigenExpertise.dc.html";"Types de maintenance : réparer, prévoir ou prédire, le bon choix pour chaque machine"
"/expertises/types-de-maintenance/maintenance-ameliorative/";"Expertises";"05 Spécialité";"contenu/site/Expertises/expertises--types-de-maintenance--maintenance-ameliorative.md";"MigenExpertise.dc.html";"Maintenance améliorative : supprimer la panne au lieu de la réparer encore"
"/expertises/types-de-maintenance/maintenance-conditionnelle/";"Expertises";"05 Spécialité";"contenu/site/Expertises/expertises--types-de-maintenance--maintenance-conditionnelle.md";"MigenExpertise.dc.html";"Maintenance conditionnelle : intervenir quand la machine le demande, pas le calendrier"
"/expertises/types-de-maintenance/maintenance-corrective/";"Expertises";"05 Spécialité";"contenu/site/Expertises/expertises--types-de-maintenance--maintenance-corrective.md";"MigenExpertise.dc.html";"Maintenance corrective : réparer vite, et comprendre pourquoi c’est arrivé"
"/expertises/types-de-maintenance/maintenance-curative/";"Expertises";"05 Spécialité";"contenu/site/Expertises/expertises--types-de-maintenance--maintenance-curative.md";"MigenExpertise.dc.html";"Maintenance curative : remettre la ligne en route, puis s’assurer qu’elle y reste"
"/expertises/types-de-maintenance/maintenance-palliative/";"Expertises";"05 Spécialité";"contenu/site/Expertises/expertises--types-de-maintenance--maintenance-palliative.md";"MigenExpertise.dc.html";"Maintenance palliative : redémarrer maintenant, réparer pour de bon ensuite"
"/expertises/types-de-maintenance/maintenance-predictive/";"Expertises";"05 Spécialité";"contenu/site/Expertises/expertises--types-de-maintenance--maintenance-predictive.md";"MigenExpertise.dc.html";"Maintenance prédictive : voir la panne venir avant qu’elle n’arrête la ligne"
"/expertises/types-de-maintenance/maintenance-preventive/";"Expertises";"05 Spécialité";"contenu/site/Expertises/expertises--types-de-maintenance--maintenance-preventive.md";"MigenExpertise.dc.html";"Maintenance préventive : chaque intervention planifiée, c’est un arrêt subi en moins"
"/expertises/types-de-maintenance/maintenance-previsionnelle/";"Expertises";"05 Spécialité";"contenu/site/Expertises/expertises--types-de-maintenance--maintenance-previsionnelle.md";"MigenExpertise.dc.html";"Maintenance prévisionnelle : anticiper l’usure, planifier l’arrêt, garder la main"
"/expertises/types-de-maintenance/preventive-systematique/";"Expertises";"05 Spécialité";"contenu/site/Expertises/expertises--types-de-maintenance--preventive-systematique.md";"MigenExpertise.dc.html";"Maintenance préventive systématique : le calendrier qui protège vos machines critiques"
"/guides/choisir-une-entreprise-de-maintenance/";"Entreprise";"01 Article et fiche";"contenu/site/Entreprise/guides--choisir-une-entreprise-de-maintenance.md";"Migen - Site final.dc.html · gabarit générique (vente ou édito)";"Comment choisir une entreprise de maintenance industrielle"
"/guides/reussir-un-transfert-industriel/";"Entreprise";"01 Article et fiche";"contenu/site/Entreprise/guides--reussir-un-transfert-industriel.md";"Migen - Site final.dc.html · gabarit générique (vente ou édito)";"Réussir un transfert industriel : la méthode de bout en bout"
"/implantations/";"Implantations";"10 Hub de rubrique";"contenu/site/Implantations/implantations.md";"MigenExpertise.dc.html";"Un seul partenaire maintenance pour tous vos sites"
"/implantations/bordeaux/";"Implantations";"04 Ville";"contenu/site/Implantations/implantations--bordeaux.md";"MigenExpertise.dc.html";"Maintenance industrielle à Bordeaux et dans la métropole"
"/implantations/lille/";"Implantations";"04 Ville";"contenu/site/Implantations/implantations--lille.md";"MigenExpertise.dc.html";"La maintenance industrielle à Lille et dans les Hauts-de-France"
"/implantations/lyon/";"Implantations";"04 Ville";"contenu/site/Implantations/implantations--lyon.md";"MigenExpertise.dc.html";"La maintenance industrielle à Lyon, depuis notre siège"
"/implantations/lyon/grenoble/";"Implantations";"04 Ville";"contenu/site/Implantations/implantations--lyon--grenoble.md";"MigenExpertise.dc.html";"La maintenance industrielle à Grenoble et dans l'Isère"
"/implantations/lyon/haute-savoie/";"Implantations";"06 Département";"contenu/site/Implantations/implantations--lyon--haute-savoie.md";"MigenExpertise.dc.html";"La maintenance industrielle en Haute-Savoie, de l'Arve au Genevois"
"/implantations/lyon/rhone/";"Implantations";"06 Département";"contenu/site/Implantations/implantations--lyon--rhone.md";"MigenExpertise.dc.html";"La maintenance industrielle dans le Rhône, du Beaujolais à Feyzin"
"/implantations/lyon/saint-etienne/";"Implantations";"04 Ville";"contenu/site/Implantations/implantations--lyon--saint-etienne.md";"MigenExpertise.dc.html";"Maintenance industrielle à Saint-Étienne et dans la Loire"
"/implantations/lyon/valence/";"Implantations";"04 Ville";"contenu/site/Implantations/implantations--lyon--valence.md";"MigenExpertise.dc.html";"La maintenance industrielle à Valence et dans la Drôme"
"/implantations/maintenance-industrielle-agen/";"Implantations";"04 Ville";"contenu/site/Implantations/implantations--maintenance-industrielle-agen.md";"MigenExpertise.dc.html";"Maintenance industrielle à Agen et dans le Lot-et-Garonne"
"/implantations/maintenance-industrielle-albi/";"Implantations";"04 Ville";"contenu/site/Implantations/implantations--maintenance-industrielle-albi.md";"MigenExpertise.dc.html";"Maintenance industrielle à Albi-Castres et dans le Tarn"
"/implantations/maintenance-industrielle-amiens/";"Implantations";"04 Ville";"contenu/site/Implantations/implantations--maintenance-industrielle-amiens.md";"MigenExpertise.dc.html";"Maintenance industrielle à Amiens et dans la Somme"
"/implantations/maintenance-industrielle-angers/";"Implantations";"04 Ville";"contenu/site/Implantations/implantations--maintenance-industrielle-angers.md";"MigenExpertise.dc.html";"Maintenance industrielle à Angers et dans le Maine-et-Loire"
"/implantations/maintenance-industrielle-angouleme/";"Implantations";"04 Ville";"contenu/site/Implantations/implantations--maintenance-industrielle-angouleme.md";"MigenExpertise.dc.html";"Maintenance industrielle à Angoulême et dans la Charente"
"/implantations/maintenance-industrielle-annecy/";"Implantations";"04 Ville";"contenu/site/Implantations/implantations--maintenance-industrielle-annecy.md";"MigenExpertise.dc.html";"Maintenance industrielle à Annecy et dans la Haute-Savoie Nord"
"/implantations/maintenance-industrielle-arras/";"Implantations";"04 Ville";"contenu/site/Implantations/implantations--maintenance-industrielle-arras.md";"MigenExpertise.dc.html";"Maintenance industrielle à Arras-Lens et dans le bassin minier du Pas-de-Calais"
"/implantations/maintenance-industrielle-avignon/";"Implantations";"04 Ville";"contenu/site/Implantations/implantations--maintenance-industrielle-avignon.md";"MigenExpertise.dc.html";"Maintenance industrielle à Avignon et dans le Vaucluse"
"/implantations/maintenance-industrielle-bayonne/";"Implantations";"04 Ville";"contenu/site/Implantations/implantations--maintenance-industrielle-bayonne.md";"MigenExpertise.dc.html";"Maintenance industrielle à Bayonne et dans le Pays basque et les Landes"
"/implantations/maintenance-industrielle-belfort-montbeliard/";"Implantations";"04 Ville";"contenu/site/Implantations/implantations--maintenance-industrielle-belfort-montbeliard.md";"MigenExpertise.dc.html";"Maintenance industrielle à Belfort-Montbéliard et dans le Nord Franche-Comté"
"/implantations/maintenance-industrielle-besancon/";"Implantations";"04 Ville";"contenu/site/Implantations/implantations--maintenance-industrielle-besancon.md";"MigenExpertise.dc.html";"Maintenance industrielle à Besançon et dans le Doubs"
"/implantations/maintenance-industrielle-beziers/";"Implantations";"04 Ville";"contenu/site/Implantations/implantations--maintenance-industrielle-beziers.md";"MigenExpertise.dc.html";"Maintenance industrielle à Béziers et dans l’Hérault Ouest"
"/implantations/maintenance-industrielle-bourges/";"Implantations";"04 Ville";"contenu/site/Implantations/implantations--maintenance-industrielle-bourges.md";"MigenExpertise.dc.html";"Maintenance industrielle à Bourges et dans le Cher"
"/implantations/maintenance-industrielle-brive/";"Implantations";"04 Ville";"contenu/site/Implantations/implantations--maintenance-industrielle-brive.md";"MigenExpertise.dc.html";"Maintenance industrielle à Brive-la-Gaillarde et dans la Corrèze"
"/implantations/maintenance-industrielle-caen/";"Implantations";"04 Ville";"contenu/site/Implantations/implantations--maintenance-industrielle-caen.md";"MigenExpertise.dc.html";"Maintenance industrielle à Caen et dans le Calvados"
"/implantations/maintenance-industrielle-calais/";"Implantations";"04 Ville";"contenu/site/Implantations/implantations--maintenance-industrielle-calais.md";"MigenExpertise.dc.html";"Maintenance industrielle à Calais et dans la Côte d’Opale"
"/implantations/maintenance-industrielle-chalon-sur-saone/";"Implantations";"04 Ville";"contenu/site/Implantations/implantations--maintenance-industrielle-chalon-sur-saone.md";"MigenExpertise.dc.html";"Maintenance industrielle à Chalon-sur-Saône et dans la Saône-et-Loire"
"/implantations/maintenance-industrielle-chambery/";"Implantations";"04 Ville";"contenu/site/Implantations/implantations--maintenance-industrielle-chambery.md";"MigenExpertise.dc.html";"Maintenance industrielle à Chambéry et dans la Savoie"
"/implantations/maintenance-industrielle-chartres/";"Implantations";"04 Ville";"contenu/site/Implantations/implantations--maintenance-industrielle-chartres.md";"MigenExpertise.dc.html";"Maintenance industrielle à Chartres et dans l’Eure-et-Loir"
"/implantations/maintenance-industrielle-cherbourg/";"Implantations";"04 Ville";"contenu/site/Implantations/implantations--maintenance-industrielle-cherbourg.md";"MigenExpertise.dc.html";"Maintenance industrielle à Cherbourg et dans la Manche"
"/implantations/maintenance-industrielle-clermont-ferrand/";"Implantations";"04 Ville";"contenu/site/Implantations/implantations--maintenance-industrielle-clermont-ferrand.md";"MigenExpertise.dc.html";"Maintenance industrielle à Clermont-Ferrand et dans le Puy-de-Dôme"
"/implantations/maintenance-industrielle-compiegne/";"Implantations";"04 Ville";"contenu/site/Implantations/implantations--maintenance-industrielle-compiegne.md";"MigenExpertise.dc.html";"Maintenance industrielle à Compiègne et dans l’Oise"
"/implantations/maintenance-industrielle-dijon/";"Implantations";"04 Ville";"contenu/site/Implantations/implantations--maintenance-industrielle-dijon.md";"MigenExpertise.dc.html";"Maintenance industrielle à Dijon et en Côte-d'Or"
"/implantations/maintenance-industrielle-dunkerque/";"Implantations";"04 Ville";"contenu/site/Implantations/implantations--maintenance-industrielle-dunkerque.md";"MigenExpertise.dc.html";"Maintenance industrielle à Dunkerque et sur le littoral"
"/implantations/maintenance-industrielle-evreux/";"Implantations";"04 Ville";"contenu/site/Implantations/implantations--maintenance-industrielle-evreux.md";"MigenExpertise.dc.html";"Maintenance industrielle à Évreux et dans l’Eure"
"/implantations/maintenance-industrielle-la-rochelle/";"Implantations";"04 Ville";"contenu/site/Implantations/implantations--maintenance-industrielle-la-rochelle.md";"MigenExpertise.dc.html";"Maintenance industrielle à La Rochelle et dans la Charente-Maritime"
"/implantations/maintenance-industrielle-le-havre/";"Implantations";"04 Ville";"contenu/site/Implantations/implantations--maintenance-industrielle-le-havre.md";"MigenExpertise.dc.html";"Maintenance industrielle au Havre et dans l'estuaire de la Seine"
"/implantations/maintenance-industrielle-le-mans/";"Implantations";"04 Ville";"contenu/site/Implantations/implantations--maintenance-industrielle-le-mans.md";"MigenExpertise.dc.html";"Maintenance industrielle au Mans et dans la Sarthe"
"/implantations/maintenance-industrielle-limoges/";"Implantations";"04 Ville";"contenu/site/Implantations/implantations--maintenance-industrielle-limoges.md";"MigenExpertise.dc.html";"Maintenance industrielle à Limoges et en Haute-Vienne"
"/implantations/maintenance-industrielle-lorient/";"Implantations";"04 Ville";"contenu/site/Implantations/implantations--maintenance-industrielle-lorient.md";"MigenExpertise.dc.html";"Maintenance industrielle à Lorient et dans le Morbihan"
"/implantations/maintenance-industrielle-metz/";"Implantations";"04 Ville";"contenu/site/Implantations/implantations--maintenance-industrielle-metz.md";"MigenExpertise.dc.html";"Maintenance industrielle à Metz et en Moselle"
"/implantations/maintenance-industrielle-montpellier/";"Implantations";"04 Ville";"contenu/site/Implantations/implantations--maintenance-industrielle-montpellier.md";"MigenExpertise.dc.html";"Maintenance industrielle à Montpellier et dans l'Hérault"
"/implantations/maintenance-industrielle-nancy/";"Implantations";"04 Ville";"contenu/site/Implantations/implantations--maintenance-industrielle-nancy.md";"MigenExpertise.dc.html";"Maintenance industrielle à Nancy et dans la Meurthe-et-Moselle"
"/implantations/maintenance-industrielle-nice/";"Implantations";"04 Ville";"contenu/site/Implantations/implantations--maintenance-industrielle-nice.md";"MigenExpertise.dc.html";"Maintenance industrielle à Nice et dans les Alpes-Maritimes"
"/implantations/maintenance-industrielle-niort/";"Implantations";"04 Ville";"contenu/site/Implantations/implantations--maintenance-industrielle-niort.md";"MigenExpertise.dc.html";"Maintenance industrielle à Niort et dans les Deux-Sèvres"
"/implantations/maintenance-industrielle-orleans/";"Implantations";"04 Ville";"contenu/site/Implantations/implantations--maintenance-industrielle-orleans.md";"MigenExpertise.dc.html";"Maintenance industrielle à Orléans et dans le Loiret"
"/implantations/maintenance-industrielle-pau/";"Implantations";"04 Ville";"contenu/site/Implantations/implantations--maintenance-industrielle-pau.md";"MigenExpertise.dc.html";"Maintenance industrielle à Pau et dans le Béarn"
"/implantations/maintenance-industrielle-poitiers/";"Implantations";"04 Ville";"contenu/site/Implantations/implantations--maintenance-industrielle-poitiers.md";"MigenExpertise.dc.html";"Maintenance industrielle à Poitiers et dans la Vienne"
"/implantations/maintenance-industrielle-quimper/";"Implantations";"04 Ville";"contenu/site/Implantations/implantations--maintenance-industrielle-quimper.md";"MigenExpertise.dc.html";"Maintenance industrielle à Quimper et dans le Finistère Sud"
"/implantations/maintenance-industrielle-reims/";"Implantations";"04 Ville";"contenu/site/Implantations/implantations--maintenance-industrielle-reims.md";"MigenExpertise.dc.html";"Maintenance industrielle à Reims et dans la Marne"
"/implantations/maintenance-industrielle-roanne/";"Implantations";"04 Ville";"contenu/site/Implantations/implantations--maintenance-industrielle-roanne.md";"MigenExpertise.dc.html";"Maintenance industrielle à Roanne et dans le Roannais"
"/implantations/maintenance-industrielle-saint-nazaire/";"Implantations";"04 Ville";"contenu/site/Implantations/implantations--maintenance-industrielle-saint-nazaire.md";"MigenExpertise.dc.html";"Maintenance industrielle à Saint-Nazaire et dans l’estuaire de la Loire"
"/implantations/maintenance-industrielle-saint-quentin/";"Implantations";"04 Ville";"contenu/site/Implantations/implantations--maintenance-industrielle-saint-quentin.md";"MigenExpertise.dc.html";"Maintenance industrielle à Saint-Quentin et dans l’Aisne"
"/implantations/maintenance-industrielle-tarbes/";"Implantations";"04 Ville";"contenu/site/Implantations/implantations--maintenance-industrielle-tarbes.md";"MigenExpertise.dc.html";"Maintenance industrielle à Tarbes et dans les Hautes-Pyrénées"
"/implantations/maintenance-industrielle-tours/";"Implantations";"04 Ville";"contenu/site/Implantations/implantations--maintenance-industrielle-tours.md";"MigenExpertise.dc.html";"Maintenance industrielle à Tours et en Touraine"
"/implantations/maintenance-industrielle-troyes/";"Implantations";"04 Ville";"contenu/site/Implantations/implantations--maintenance-industrielle-troyes.md";"MigenExpertise.dc.html";"Maintenance industrielle à Troyes et dans l'Aube"
"/implantations/maintenance-industrielle-valenciennes/";"Implantations";"04 Ville";"contenu/site/Implantations/implantations--maintenance-industrielle-valenciennes.md";"MigenExpertise.dc.html";"Maintenance industrielle à Valenciennes et dans le Nord"
"/implantations/maintenance-industrielle-vesoul/";"Implantations";"04 Ville";"contenu/site/Implantations/implantations--maintenance-industrielle-vesoul.md";"MigenExpertise.dc.html";"Maintenance industrielle à Vesoul et dans la Haute-Saône"
"/implantations/marseille/";"Implantations";"04 Ville";"contenu/site/Implantations/implantations--marseille.md";"MigenExpertise.dc.html";"Maintenance industrielle à Marseille et dans les Bouches-du-Rhône"
"/implantations/marseille/nimes/";"Implantations";"04 Ville";"contenu/site/Implantations/implantations--marseille--nimes.md";"MigenExpertise.dc.html";"Maintenance industrielle à Nîmes et dans le Gard"
"/implantations/marseille/perpignan/";"Implantations";"04 Ville";"contenu/site/Implantations/implantations--marseille--perpignan.md";"MigenExpertise.dc.html";"Maintenance industrielle à Perpignan et dans les Pyrénées-Orientales"
"/implantations/marseille/toulon/";"Implantations";"04 Ville";"contenu/site/Implantations/implantations--marseille--toulon.md";"MigenExpertise.dc.html";"Maintenance industrielle à Toulon et dans le Var"
"/implantations/nantes/";"Implantations";"04 Ville";"contenu/site/Implantations/implantations--nantes.md";"MigenExpertise.dc.html";"La maintenance industrielle à Nantes et dans l'estuaire"
"/implantations/nantes/brest/";"Implantations";"04 Ville";"contenu/site/Implantations/implantations--nantes--brest.md";"MigenExpertise.dc.html";"Maintenance industrielle à Brest et dans le Finistère"
"/implantations/nantes/loire-atlantique/";"Implantations";"06 Département";"contenu/site/Implantations/implantations--nantes--loire-atlantique.md";"MigenExpertise.dc.html";"Maintenance industrielle en Loire-Atlantique"
"/implantations/nantes/rennes/";"Implantations";"04 Ville";"contenu/site/Implantations/implantations--nantes--rennes.md";"MigenExpertise.dc.html";"Maintenance industrielle à Rennes et en Ille-et-Vilaine"
"/implantations/paris/";"Implantations";"04 Ville";"contenu/site/Implantations/implantations--paris.md";"MigenExpertise.dc.html";"Maintenir vos machines dans le tissu le plus dense de France"
"/implantations/paris/essonne/";"Implantations";"06 Département";"contenu/site/Implantations/implantations--paris--essonne.md";"MigenExpertise.dc.html";"Maintenance industrielle en Essonne"
"/implantations/paris/rouen/";"Implantations";"04 Ville";"contenu/site/Implantations/implantations--paris--rouen.md";"MigenExpertise.dc.html";"Maintenance industrielle à Rouen et dans la vallée de Seine"
"/implantations/strasbourg/";"Implantations";"04 Ville";"contenu/site/Implantations/implantations--strasbourg.md";"MigenExpertise.dc.html";"La maintenance industrielle à Strasbourg et dans le Bas-Rhin"
"/implantations/strasbourg/alsace/";"Implantations";"06 Département";"contenu/site/Implantations/implantations--strasbourg--alsace.md";"MigenExpertise.dc.html";"Maintenance industrielle en Alsace, du Bas-Rhin au Haut-Rhin"
"/implantations/strasbourg/mulhouse/";"Implantations";"04 Ville";"contenu/site/Implantations/implantations--strasbourg--mulhouse.md";"MigenExpertise.dc.html";"Maintenance industrielle à Mulhouse et dans le Haut-Rhin"
"/implantations/toulouse/";"Implantations";"04 Ville";"contenu/site/Implantations/implantations--toulouse.md";"MigenExpertise.dc.html";"La maintenance industrielle à Toulouse et dans le Sud-Ouest"
"/implantations/toulouse/charente/";"Implantations";"06 Département";"contenu/site/Implantations/implantations--toulouse--charente.md";"MigenExpertise.dc.html";"Maintenance industrielle en Charente"
"/implantations/toulouse/gironde/";"Implantations";"06 Département";"contenu/site/Implantations/implantations--toulouse--gironde.md";"MigenExpertise.dc.html";"Maintenance industrielle en Gironde"
"/implantations/toulouse/haute-garonne/";"Implantations";"06 Département";"contenu/site/Implantations/implantations--toulouse--haute-garonne.md";"MigenExpertise.dc.html";"Maintenance industrielle en Haute-Garonne"
"/offres/";"Offres";"10 Hub de rubrique";"contenu/site/Offres/offres.md";"MigenExpertise.dc.html";"Maintenance industrielle : six offres, une seule exigence"
"/offres/arret-technique/";"Offres";"03 Offre et prestation";"contenu/site/Offres/offres--arret-technique.md";"MigenExpertise.dc.html";"Arrêt technique de maintenance industrielle"
"/offres/audit-conseil-maintenance/";"Offres";"03 Offre et prestation";"contenu/site/Offres/offres--audit-conseil-maintenance.md";"MigenExpertise.dc.html";"Conseil en maintenance industrielle : sachez où part le budget"
"/offres/bureau-etudes/";"Offres";"03 Offre et prestation";"contenu/site/Offres/offres--bureau-etudes.md";"MigenExpertise.dc.html";"Bureau d'études industriel : des études qui tiennent au montage"
"/offres/chantier/";"Offres";"03 Offre et prestation";"contenu/site/Offres/offres--chantier.md";"MigenExpertise.dc.html";"Transfert industriel"
"/offres/chantier/demenagement-machines/";"Offres";"03 Offre et prestation";"contenu/site/Offres/offres--chantier--demenagement-machines.md";"MigenExpertise.dc.html";"Déménagement de machines industrielles"
"/offres/chantier/transfert-de-production/";"Offres";"03 Offre et prestation";"contenu/site/Offres/offres--chantier--transfert-de-production.md";"MigenExpertise.dc.html";"Transfert de production"
"/offres/construction/";"Offres";"03 Offre et prestation";"contenu/site/Offres/offres--construction.md";"MigenExpertise.dc.html";"Montage industriel : votre machine produit à la date prévue"
"/offres/depannage-industriel/";"Offres";"03 Offre et prestation";"contenu/site/Offres/offres--depannage-industriel.md";"MigenExpertise.dc.html";"Dépannage industriel"
"/offres/depannage-industriel/astreinte/";"Offres";"03 Offre et prestation";"contenu/site/Offres/offres--depannage-industriel--astreinte.md";"Migen - Site final.dc.html · gabarit générique (vente ou édito)";"Astreinte de maintenance : quelqu’un décroche, la nuit comme le week-end"
"/offres/depannage-industriel/panne-machine/";"Offres";"03 Offre et prestation";"contenu/site/Offres/offres--depannage-industriel--panne-machine.md";"Migen - Site final.dc.html · gabarit générique (vente ou édito)";"Panne machine industrielle : agir dans la première heure"
"/offres/full-service/";"Offres";"03 Offre et prestation";"contenu/site/Offres/offres--full-service.md";"MigenExpertise.dc.html";"Full service : toute votre maintenance, un seul partenaire"
"/offres/residence/";"Offres";"03 Offre et prestation";"contenu/site/Offres/offres--residence.md";"MigenExpertise.dc.html";"Sous-traitance de maintenance industrielle"
"/offres/residence/cahier-des-charges/";"Offres";"03 Offre et prestation";"contenu/site/Offres/offres--residence--cahier-des-charges.md";"Migen - Site final.dc.html · gabarit générique (vente ou édito)";"Cahier des charges de maintenance : la trame à reprendre"
"/offres/residence/prestataire-ou-salarie/";"Offres";"03 Offre et prestation";"contenu/site/Offres/offres--residence--prestataire-ou-salarie.md";"Migen - Site final.dc.html · gabarit générique (vente ou édito)";"Prestataire ou salarié : le comparatif honnête"
"/offres/retrofit/";"Offres";"03 Offre et prestation";"contenu/site/Offres/offres--retrofit.md";"MigenExpertise.dc.html";"Retrofit machine industrielle"
"/offres/retrofit/mise-en-conformite-machine/";"Offres";"03 Offre et prestation";"contenu/site/Offres/offres--retrofit--mise-en-conformite-machine.md";"Migen - Site final.dc.html · gabarit générique (vente ou édito)";"Mise en conformité des machines : fixez le calendrier avant l'inspection"
"/offres/retrofit/remise-en-etat/";"Offres";"03 Offre et prestation";"contenu/site/Offres/offres--retrofit--remise-en-etat.md";"MigenExpertise.dc.html";"Remise en état machine industrielle"
"/offres/zero-arret/";"Offres";"03 Offre et prestation";"contenu/site/Offres/offres--zero-arret.md";"MigenExpertise.dc.html";"Zéro arrêt : la maintenance qui ne touche jamais à votre production"
"/preuves/";"Preuves";"10 Hub de rubrique";"contenu/site/Preuves/preuves.md";"MigenPreuves.dc.html";"Preuves : nos réalisations"
"/preuves/aktid-centre-logistique/";"Preuves";"02 Étude de cas";"contenu/site/Preuves/preuves--aktid-centre-logistique.md";"MigenCas.dc.html";"Étude de cas AKTID : un centre logistique monté en six semaines"
"/preuves/alstef-group/";"Preuves";"02 Étude de cas";"contenu/site/Preuves/preuves--alstef-group.md";"MigenCas.dc.html";"Étude de cas ALSTEF GROUP : des chantiers automatisés contrôlés point par point"
"/preuves/amazon-centre-logistique/";"Preuves";"02 Étude de cas";"contenu/site/Preuves/preuves--amazon-centre-logistique.md";"MigenCas.dc.html";"Étude de cas AMAZON : maintenir un centre logistique qui ne ferme jamais"
"/preuves/amazon-nouveau-site/";"Preuves";"02 Étude de cas";"contenu/site/Preuves/preuves--amazon-nouveau-site.md";"MigenCas.dc.html";"Étude de cas AMAZON : un dispositif rodé, transposé sur un nouveau site"
"/preuves/atena-port-la-rochelle/";"Preuves";"02 Étude de cas";"contenu/site/Preuves/preuves--atena-port-la-rochelle.md";"MigenCas.dc.html";"Étude de cas ATENA : en finir avec les pannes qui reviennent sur un terminal d’engrais"
"/preuves/autoliv/";"Preuves";"02 Étude de cas";"contenu/site/Preuves/preuves--autoliv.md";"MigenCas.dc.html";"Étude de cas AUTOLIV : un technicien dédié pour que le parc ne décroche pas"
"/preuves/bamesa/";"Preuves";"02 Étude de cas";"contenu/site/Preuves/preuves--bamesa.md";"MigenCas.dc.html";"Étude de cas BAMESA : la maintenance tient pendant que l’équipe recrute"
"/preuves/danone-lignes-de-production/";"Preuves";"02 Étude de cas";"contenu/site/Preuves/preuves--danone-lignes-de-production.md";"MigenCas.dc.html";"Étude de cas DANONE (BLÉDINA) : pas un poste sans maintenance, week-end compris"
"/preuves/dimomaint/";"Preuves";"02 Étude de cas";"contenu/site/Preuves/preuves--dimomaint.md";"MigenCas.dc.html";"Étude de cas DIMOMAINT : la GMAO planifie, nos techniciens interviennent"
"/preuves/eaton-mise-en-production/";"Preuves";"02 Étude de cas";"contenu/site/Preuves/preuves--eaton-mise-en-production.md";"MigenCas.dc.html";"Étude de cas EATON : six techniciens pour faire démarrer un parc machines"
"/preuves/eiffage/";"Preuves";"02 Étude de cas";"contenu/site/Preuves/preuves--eiffage.md";"MigenCas.dc.html";"Étude de cas EIFFAGE : le préventif d’une centrale photovoltaïque en trois techniciens"
"/preuves/eriks/";"Preuves";"02 Étude de cas";"contenu/site/Preuves/preuves--eriks.md";"MigenCas.dc.html";"Étude de cas ERIKS : un responsable maintenance pour traverser la transition"
"/preuves/fdj/";"Preuves";"02 Étude de cas";"contenu/site/Preuves/preuves--fdj.md";"MigenCas.dc.html";"Étude de cas CIUCH : l’intralogistique d’un grand site tenue en sous-traitance"
"/preuves/gls-maintenance-curative/";"Preuves";"02 Étude de cas";"contenu/site/Preuves/preuves--gls-maintenance-curative.md";"MigenCas.dc.html";"Étude de cas GLS : des convoyeurs et des trieurs sous surveillance continue"
"/preuves/groupe-atlantic/";"Preuves";"02 Étude de cas";"contenu/site/Preuves/preuves--groupe-atlantic.md";"MigenCas.dc.html";"Étude de cas GROUPE ATLANTIC : un renfort devenu une partie de l’équipe"
"/preuves/jacquet-brossard/";"Preuves";"02 Étude de cas";"contenu/site/Preuves/preuves--jacquet-brossard.md";"MigenCas.dc.html";"Étude de cas JACQUET BROSSARD : une ligne de pain de mie suivie à chaque poste"
"/preuves/jeld-wen/";"Preuves";"02 Étude de cas";"contenu/site/Preuves/preuves--jeld-wen.md";"MigenCas.dc.html";"Étude de cas JELD-WEN : des commandes numériques remises en route à chaque équipe"
"/preuves/joint-lyonnais/";"Preuves";"02 Étude de cas";"contenu/site/Preuves/preuves--joint-lyonnais.md";"MigenCas.dc.html";"Étude de cas JOINT LYONNAIS : réparer plutôt que remplacer, au budget d’une PME"
"/preuves/jtekt/";"Preuves";"02 Étude de cas";"contenu/site/Preuves/preuves--jtekt.md";"MigenCas.dc.html";"Étude de cas JTEKT : voir la dérive avant que l’équipement critique ne tombe"
"/preuves/la-panetiere/";"Preuves";"02 Étude de cas";"contenu/site/Preuves/preuves--la-panetiere.md";"MigenCas.dc.html";"Étude de cas LA PANETIÈRE : un renfort pour que le pain sorte chaque matin"
"/preuves/mccain-belgique/";"Preuves";"02 Étude de cas";"contenu/site/Preuves/preuves--mccain-belgique.md";"MigenCas.dc.html";"Étude de cas McCAIN : un premier contrat en Belgique, préventif et correctif"
"/preuves/mersen/";"Preuves";"02 Étude de cas";"contenu/site/Preuves/preuves--mersen.md";"MigenCas.dc.html";"Étude de cas MERSEN : un automaticien SIEMENS pour démarrer une ligne neuve"
"/preuves/motherson/";"Preuves";"02 Étude de cas";"contenu/site/Preuves/preuves--motherson.md";"MigenCas.dc.html";"Étude de cas MOTHERSON : presses à injecter et robots, le préventif d’abord"
"/preuves/ogf-arret-estival/";"Preuves";"02 Étude de cas";"contenu/site/Preuves/preuves--ogf-arret-estival.md";"MigenCas.dc.html";"Étude de cas OGF : un été entier sans trou dans la maintenance"
"/preuves/orthus-ecocem/";"Preuves";"02 Étude de cas";"contenu/site/Preuves/preuves--orthus-ecocem.md";"MigenCas.dc.html";"Étude de cas ORTHUS x ECOCEM : de la parcelle au site de R&D, un seul pilote"
"/preuves/orthus-washtec/";"Preuves";"02 Étude de cas";"contenu/site/Preuves/preuves--orthus-washtec.md";"MigenCas.dc.html";"Étude de cas ORTHUS x WASHTEC : des portiques de lavage montés partout en France"
"/preuves/rector-lesage/";"Preuves";"02 Étude de cas";"contenu/site/Preuves/preuves--rector-lesage.md";"MigenCas.dc.html";"Étude de cas RECTOR LESAGE : un technicien au cœur d’une ligne de préfabrication béton"
"/preuves/salaison-du-maconnais/";"Preuves";"02 Étude de cas";"contenu/site/Preuves/preuves--salaison-du-maconnais.md";"MigenCas.dc.html";"Étude de cas SALAISON DU MÂCONNAIS : du broyage à la cuisson, un seul technicien sur la chaîne"
"/preuves/savoye-migration-automates-norvege/";"Preuves";"02 Étude de cas";"contenu/site/Preuves/preuves--savoye-migration-automates-norvege.md";"MigenCas.dc.html";"Étude de cas SAVOYE : deux automates migrés en deux week-ends, sans arrêter la production"
"/preuves/savoye/";"Preuves";"02 Étude de cas";"contenu/site/Preuves/preuves--savoye.md";"MigenCas.dc.html";"Étude de cas SAVOYE : une alliance pour tenir les installations intralogistiques de ses clients"
"/preuves/soprema/";"Preuves";"02 Étude de cas";"contenu/site/Preuves/preuves--soprema.md";"MigenCas.dc.html";"Étude de cas SOPREMA : monter, déplacer, renforcer, chantier après chantier"
"/preuves/stellantis-fonderie-sept-fons/";"Preuves";"02 Étude de cas";"contenu/site/Preuves/preuves--stellantis-fonderie-sept-fons.md";"MigenCas.dc.html";"Étude de cas STELLANTIS : un parc de fonderie repris en huit semaines"
"/preuves/stellantis-grand-est/";"Preuves";"02 Étude de cas";"contenu/site/Preuves/preuves--stellantis-grand-est.md";"MigenCas.dc.html";"Étude de cas STELLANTIS : des dizaines de techniciens pour passer à l’électrique"
"/preuves/suez-remise-en-etat/";"Preuves";"02 Étude de cas";"contenu/site/Preuves/preuves--suez-remise-en-etat.md";"MigenCas.dc.html";"Étude de cas SUEZ IWT : six mois pour remettre en état un site à risque chimique"
"/preuves/timescope/";"Preuves";"02 Étude de cas";"contenu/site/Preuves/preuves--timescope.md";"MigenCas.dc.html";"Étude de cas TIMESCOPE : un parc de casques de réalité virtuelle tenu dans toute la France"
"/preuves/tournaire/";"Preuves";"02 Étude de cas";"contenu/site/Preuves/preuves--tournaire.md";"MigenCas.dc.html";"Étude de cas TOURNAIRE : maintenir des machines conçues sur mesure"
"/preuves/valeo-usines/";"Preuves";"02 Étude de cas";"contenu/site/Preuves/preuves--valeo-usines.md";"MigenCas.dc.html";"Étude de cas VALEO : deux usines accompagnées dans leur montée en cadence"
"/preuves/veepee-sites-lyon/";"Preuves";"02 Étude de cas";"contenu/site/Preuves/preuves--veepee-sites-lyon.md";"MigenCas.dc.html";"Étude de cas VEEPEE : des systèmes intralogistiques au rythme du e-commerce"
"/preuves/vignal-systems/";"Preuves";"02 Étude de cas";"contenu/site/Preuves/preuves--vignal-systems.md";"MigenCas.dc.html";"Étude de cas VIGNAL SYSTEMS : maintenir et monter, de jour comme de nuit"
"/preuves/voit-grand-est/";"Preuves";"02 Étude de cas";"contenu/site/Preuves/preuves--voit-grand-est.md";"MigenCas.dc.html";"Étude de cas VOIT : centres d’usinage et presses tenus dans le Grand Est"
"/preuves/vpk/";"Preuves";"02 Étude de cas";"contenu/site/Preuves/preuves--vpk.md";"MigenCas.dc.html";"Étude de cas VPK : une usine de carton en 3x8, un technicien qui tient la cadence"
"/ressources/";"Ressources";"10 Hub de rubrique";"contenu/site/Ressources/ressources.md";"Migen - Site final.dc.html · page « guides » (accueil Ressources)";"Guide maintenance industrielle"
"/ressources/articles/";"Ressources";"11 Sous-rubrique ressource";"contenu/site/Ressources/ressources--articles.md";"MigenRessource.dc.html";"Ressources : Articles"
"/ressources/articles/cout-arret-de-production/";"Ressources";"01 Article et fiche";"contenu/site/Ressources/ressources--articles--cout-arret-de-production.md";"MigenRessource.dc.html";"Coût d'un arrêt de production"
"/ressources/articles/digitalisation-maintenance/";"Ressources";"01 Article et fiche";"contenu/site/Ressources/ressources--articles--digitalisation-maintenance.md";"MigenRessource.dc.html";"Digitalisation maintenance"
"/ressources/articles/gestion-des-dechets/";"Ressources";"01 Article et fiche";"contenu/site/Ressources/ressources--articles--gestion-des-dechets.md";"MigenRessource.dc.html";"Gestion des déchets industriels"
"/ressources/articles/gmao/";"Ressources";"01 Article et fiche";"contenu/site/Ressources/ressources--articles--gmao.md";"MigenRessource.dc.html";"Gestion de maintenance assistée par ordinateur"
"/ressources/articles/ia-maintenance/";"Ressources";"01 Article et fiche";"contenu/site/Ressources/ressources--articles--ia-maintenance.md";"MigenRessource.dc.html";"IA maintenance : ce qui change vraiment"
"/ressources/articles/maintenance-4-0/";"Ressources";"01 Article et fiche";"contenu/site/Ressources/ressources--articles--maintenance-4-0.md";"MigenRessource.dc.html";"Maintenance 4.0"
"/ressources/articles/optimiser-la-maintenance/";"Ressources";"01 Article et fiche";"contenu/site/Ressources/ressources--articles--optimiser-la-maintenance.md";"MigenRessource.dc.html";"Optimisation de la maintenance"
"/ressources/articles/organiser-service-maintenance/";"Ressources";"01 Article et fiche";"contenu/site/Ressources/ressources--articles--organiser-service-maintenance.md";"MigenRessource.dc.html";"Comment organiser un service de maintenance"
"/ressources/articles/plan-de-maintenance/";"Ressources";"01 Article et fiche";"contenu/site/Ressources/ressources--articles--plan-de-maintenance.md";"MigenRessource.dc.html";"Plan de maintenance"
"/ressources/articles/planification-maintenance/";"Ressources";"01 Article et fiche";"contenu/site/Ressources/ressources--articles--planification-maintenance.md";"MigenRessource.dc.html";"Planning de maintenance"
"/ressources/articles/predictive-ou-corrective/";"Ressources";"01 Article et fiche";"contenu/site/Ressources/ressources--articles--predictive-ou-corrective.md";"MigenRessource.dc.html";"Maintenance prédictive ou corrective"
"/ressources/articles/preventive-ou-corrective/";"Ressources";"01 Article et fiche";"contenu/site/Ressources/ressources--articles--preventive-ou-corrective.md";"MigenRessource.dc.html";"Maintenance préventive et corrective"
"/ressources/articles/robot-spot/";"Ressources";"01 Article et fiche";"contenu/site/Ressources/ressources--articles--robot-spot.md";"MigenRessource.dc.html";"Robot spot"
"/ressources/articles/suivi-de-la-maintenance/";"Ressources";"01 Article et fiche";"contenu/site/Ressources/ressources--articles--suivi-de-la-maintenance.md";"MigenRessource.dc.html";"Suivi de la maintenance"
"/ressources/articles/tpm/";"Ressources";"01 Article et fiche";"contenu/site/Ressources/ressources--articles--tpm.md";"MigenRessource.dc.html";"TPM, la maintenance productive totale"
"/ressources/fiches-pratiques/";"Ressources";"11 Sous-rubrique ressource";"contenu/site/Ressources/ressources--fiches-pratiques.md";"MigenRessource.dc.html";"Ressources : Fiches pratiques"
"/ressources/fiches-pratiques/5s/";"Ressources";"01 Article et fiche";"contenu/site/Ressources/ressources--fiches-pratiques--5s.md";"MigenRessource.dc.html";"5S industrie"
"/ressources/fiches-pratiques/consignation-electrique/";"Ressources";"01 Article et fiche";"contenu/site/Ressources/ressources--fiches-pratiques--consignation-electrique.md";"MigenRessource.dc.html";"Consignation électrique"
"/ressources/fiches-pratiques/permis-de-feu/";"Ressources";"01 Article et fiche";"contenu/site/Ressources/ressources--fiches-pratiques--permis-de-feu.md";"MigenRessource.dc.html";"Permis de feu"
"/ressources/fiches-pratiques/plan-de-prevention/";"Ressources";"01 Article et fiche";"contenu/site/Ressources/ressources--fiches-pratiques--plan-de-prevention.md";"MigenRessource.dc.html";"Plan de prévention"
"/ressources/fiches-pratiques/securite-maintenance/";"Ressources";"01 Article et fiche";"contenu/site/Ressources/ressources--fiches-pratiques--securite-maintenance.md";"MigenRessource.dc.html";"La sécurité en maintenance industrielle"
"/ressources/fiches-techniques/";"Ressources";"11 Sous-rubrique ressource";"contenu/site/Ressources/ressources--fiches-techniques.md";"MigenRessource.dc.html";"Ressources : Fiches techniques"
"/ressources/fiches-techniques/amdec/";"Ressources";"01 Article et fiche";"contenu/site/Ressources/ressources--fiches-techniques--amdec.md";"MigenRessource.dc.html";"Amdec"
"/ressources/fiches-techniques/analyse-vibratoire/";"Ressources";"01 Article et fiche";"contenu/site/Ressources/ressources--fiches-techniques--analyse-vibratoire.md";"MigenRessource.dc.html";"Analyse vibratoire"
"/ressources/fiches-techniques/automates-siemens/";"Ressources";"01 Article et fiche";"contenu/site/Ressources/ressources--fiches-techniques--automates-siemens.md";"MigenRessource.dc.html";"Automate Siemens"
"/ressources/fiches-techniques/cahier-des-charges-gmao/";"Ressources";"01 Article et fiche";"contenu/site/Ressources/ressources--fiches-techniques--cahier-des-charges-gmao.md";"MigenRessource.dc.html";"Cahier des charges gmao"
"/ressources/fiches-techniques/indicateurs-maintenance/";"Ressources";"01 Article et fiche";"contenu/site/Ressources/ressources--fiches-techniques--indicateurs-maintenance.md";"MigenRessource.dc.html";"Indicateur maintenance"
"/ressources/fiches-techniques/mtbf-mttr/";"Ressources";"01 Article et fiche";"contenu/site/Ressources/ressources--fiches-techniques--mtbf-mttr.md";"MigenRessource.dc.html";"Mtbf"
"/ressources/fiches-techniques/niveaux-de-maintenance/";"Ressources";"01 Article et fiche";"contenu/site/Ressources/ressources--fiches-techniques--niveaux-de-maintenance.md";"MigenRessource.dc.html";"Niveaux de maintenance"
"/ressources/fiches-techniques/outils-de-diagnostic/";"Ressources";"01 Article et fiche";"contenu/site/Ressources/ressources--fiches-techniques--outils-de-diagnostic.md";"MigenRessource.dc.html";"Outils de diagnostic maintenance"
"/ressources/fiches-techniques/trs/";"Ressources";"01 Article et fiche";"contenu/site/Ressources/ressources--fiches-techniques--trs.md";"MigenRessource.dc.html";"TRS : le taux de rendement synthétique"
"/ressources/livres-blancs/";"Ressources";"11 Sous-rubrique ressource";"contenu/site/Ressources/ressources--livres-blancs.md";"MigenRessource.dc.html";"Ressources : Livres blancs"
"/ressources/livres-blancs/externaliser-sa-maintenance/";"Ressources";"01 Article et fiche";"contenu/site/Ressources/ressources--livres-blancs--externaliser-sa-maintenance.md";"MigenRessource.dc.html";"Livre blanc : externaliser sa maintenance sans perdre la main"
"/ressources/livres-blancs/retrofit-ou-remplacement/";"Ressources";"01 Article et fiche";"contenu/site/Ressources/ressources--livres-blancs--retrofit-ou-remplacement.md";"MigenRessource.dc.html";"Retrofit ou remplacement"
"/ressources/process/";"Ressources";"11 Sous-rubrique ressource";"contenu/site/Ressources/ressources--process.md";"MigenRessource.dc.html";"Ressources : Process"
"/ressources/process/gestion-maintenance-preventive/";"Ressources";"01 Article et fiche";"contenu/site/Ressources/ressources--process--gestion-maintenance-preventive.md";"MigenRessource.dc.html";"Gestion de la maintenance préventive"
"/ressources/process/preparer-un-arret-technique/";"Ressources";"01 Article et fiche";"contenu/site/Ressources/ressources--process--preparer-un-arret-technique.md";"MigenRessource.dc.html";"Préparation arrêt technique"
"/ressources/process/protocole-de-securite/";"Ressources";"01 Article et fiche";"contenu/site/Ressources/ressources--process--protocole-de-securite.md";"MigenRessource.dc.html";"Protocole de sécurité"
"/ressources/process/selection-des-techniciens/";"Ressources";"01 Article et fiche";"contenu/site/Ressources/ressources--process--selection-des-techniciens.md";"MigenRessource.dc.html";"Sélection technicien de maintenance"
"/secteurs/";"Secteurs";"10 Hub de rubrique";"contenu/site/Secteurs/secteurs.md";"MigenExpertise.dc.html";"La maintenance usine, secteur par secteur"
"/secteurs/aeronautique/";"Secteurs";"08 Secteur";"contenu/site/Secteurs/secteurs--aeronautique.md";"MigenExpertise.dc.html";"Maintenance dans l'industrie aéronautique"
"/secteurs/agroalimentaire/";"Secteurs";"08 Secteur";"contenu/site/Secteurs/secteurs--agroalimentaire.md";"MigenExpertise.dc.html";"Maintenance agroalimentaire"
"/secteurs/automobile/";"Secteurs";"08 Secteur";"contenu/site/Secteurs/secteurs--automobile.md";"MigenExpertise.dc.html";"Maintenance dans l'industrie automobile"
"/secteurs/chimie/";"Secteurs";"08 Secteur";"contenu/site/Secteurs/secteurs--chimie.md";"MigenExpertise.dc.html";"Maintenance dans l'industrie chimique"
"/secteurs/industrie-lourde/";"Secteurs";"08 Secteur";"contenu/site/Secteurs/secteurs--industrie-lourde.md";"MigenExpertise.dc.html";"Maintenance dans l'industrie lourde"
"/secteurs/industrie-metallique/";"Secteurs";"08 Secteur";"contenu/site/Secteurs/secteurs--industrie-metallique.md";"MigenExpertise.dc.html";"Maintenance dans l'industrie métallique"
"/secteurs/logistique/";"Secteurs";"08 Secteur";"contenu/site/Secteurs/secteurs--logistique.md";"MigenExpertise.dc.html";"Maintenance des équipements logistiques"
"/secteurs/logistique/maintenance-convoyeur/";"Secteurs";"08 Secteur";"contenu/site/Secteurs/secteurs--logistique--maintenance-convoyeur.md";"MigenExpertise.dc.html";"Maintenance convoyeur"
"/secteurs/logistique/peak-season/";"Secteurs";"08 Secteur";"contenu/site/Secteurs/secteurs--logistique--peak-season.md";"MigenExpertise.dc.html";"Peak season : préparer la logistique au pic"
"/secteurs/menuiserie-industrielle/";"Secteurs";"08 Secteur";"contenu/site/Secteurs/secteurs--menuiserie-industrielle.md";"MigenExpertise.dc.html";"Maintenance en menuiserie industrielle"
"/secteurs/nucleaire/";"Secteurs";"08 Secteur";"contenu/site/Secteurs/secteurs--nucleaire.md";"MigenExpertise.dc.html";"Maintenance nucléaire"
"/secteurs/pharmaceutique/";"Secteurs";"08 Secteur";"contenu/site/Secteurs/secteurs--pharmaceutique.md";"MigenExpertise.dc.html";"Maintenance pharmaceutique"
"/travaux-industriels/";"Offres";"03 Offre et prestation";"contenu/site/Offres/travaux-industriels.md";"MigenExpertise.dc.html";"Travaux industriels : transfert, démantèlement, montage, levage"
"/travaux-industriels/demantelement-industriel/";"Offres";"03 Offre et prestation";"contenu/site/Offres/travaux-industriels--demantelement-industriel.md";"MigenExpertise.dc.html";"Démantèlement industriel"
"/travaux-industriels/levage-manutention/";"Offres";"03 Offre et prestation";"contenu/site/Offres/travaux-industriels--levage-manutention.md";"MigenExpertise.dc.html";"Levage industriel et manutention lourde"
"/travaux-industriels/montage-industriel/";"Offres";"03 Offre et prestation";"contenu/site/Offres/travaux-industriels--montage-industriel.md";"MigenExpertise.dc.html";"Montage industriel : machines, lignes et équipements de production"
"/travaux-industriels/transfert-industriel/";"Offres";"03 Offre et prestation";"contenu/site/Offres/travaux-industriels--transfert-industriel.md";"MigenExpertise.dc.html";"Transfert industriel et déménagement de machines industrielles"
"/";"Page sur mesure";"";"(texte dans le fichier)";"Migen - Site final.dc.html · page « accueil »";""
"/a-propos/nous-connaitre/";"Page sur mesure";"";"(texte dans le fichier)";"Migen - Site final.dc.html · page « apropos »";""
"/a-propos/valeurs/";"Page sur mesure";"";"(texte dans le fichier)";"Migen - Site final.dc.html · page « valeurs »";""
"/a-propos/rse/";"Page sur mesure";"";"(texte dans le fichier)";"Migen - Site final.dc.html · page « rse »";""
"/contact/";"Page sur mesure";"";"(texte dans le fichier)";"Migen - Site final.dc.html · page « contact »";""
"/marques/";"Page sur mesure";"";"(texte dans le fichier)";"Migen - Site final.dc.html · page « marques »";""
"/partenaires/";"Page sur mesure";"";"(texte dans le fichier)";"Migen - Site final.dc.html · page « partenaires »";""
"/realisations/";"Page sur mesure";"";"(texte dans le fichier)";"Migen - Site final.dc.html · page « realisations »";""
"/plan-du-site/";"Page sur mesure";"";"(texte dans le fichier)";"Migen - Site final.dc.html · page « plan »";""
"/mentions-legales/";"Page sur mesure";"";"(texte dans le fichier)";"Migen - Site final.dc.html · page « legal »";""
"/confidentialite/";"Page sur mesure";"";"(texte dans le fichier)";"Migen - Site final.dc.html · page « privacy »";""
"module Diagnostic Zéro arrêt";"Page sur mesure";"";"(texte dans le fichier)";"Migen - Site final.dc.html · page « diag »";""
"module Test technicien";"Page sur mesure";"";"(texte dans le fichier)";"Migen - Site final.dc.html · page « test »";""
"landing pages (non référencées)";"Page sur mesure";"";"(texte dans le fichier)";"Migen - Site final.dc.html · page « lp »";""